firstName,lastName,email,username,password
TestUserOne,LastNameOne,testuser1@test.com,testuser1,password123
TestUserTwo,LastNameTwo,testuser2@test.com,testuser2,password123
TestUserThree,LastNameThree,testuser3@test.com,testuser3,password123
TestUserFour,LastNameFour,testuser4@test.com,testuser4,password123
TestUserFive,LastNameFive,testuser5@test.com,testuser5,password123
TestUserSix,LastNameSix,testuser6@test.com,testuser6,password123
TestUserSeven,LastNameSeven,testuser7@test.com,testuser7,password123
TestUserEight,LastNameEight,testuser8@test.com,testuser8,password123
TestUserNine,LastNameNine,testuser9@test.com,testuser9,password123
TestUserTen,LastNameTen,testuser10@test.com,testuser10,password123
TestUserEleven,LastNameEleven,testuser11@test.com,testuser11,password123
TestUserTwelve,LastNameTwelve,testuser12@test.com,testuser12,password123
TestUserThirteen,LastNameThirteen,testuser13@test.com,testuser13,password123
TestUserFourteen,LastNameFourteen,testuser14@test.com,testuser14,password123
TestUserFifteen,LastNameFifteen,testuser15@test.com,testuser15,password123
TestUserSixteen,LastNameSixteen,testuser16@test.com,testuser16,password123
TestUserSeventeen,LastNameSeventeen,testuser17@test.com,testuser17,password123
TestUserEighteen,LastNameEighteen,testuser18@test.com,testuser18,password123
TestUserNineteen,LastNameNineteen,testuser19@test.com,testuser19,password123
TestUserTwenty,LastNameTwenty,testuser20@test.com,testuser20,password123
TestUserTwentyOne,LastNameTwentyOne,testuser21@test.com,testuser21,password123
TestUserTwentyTwo,LastNameTwentyTwo,testuser22@test.com,testuser22,password123
TestUserTwentyThree,LastNameTwentyThree,testuser23@test.com,testuser23,password123
TestUserTwentyFour,LastNameTwentyFour,testuser24@test.com,testuser24,password123
TestUserTwentyFive,LastNameTwentyFive,testuser25@test.com,testuser25,password123
TestUserTwentySix,LastNameTwentySix,testuser26@test.com,testuser26,password123
TestUserTwentySeven,LastNameTwentySeven,testuser27@test.com,testuser27,password123
TestUserTwentyEight,LastNameTwentyEight,testuser28@test.com,testuser28,password123
TestUserTwentyNine,LastNameTwentyNine,testuser29@test.com,testuser29,password123
TestUserThirty,LastNameThirty,testuser30@test.com,testuser30,password123
TestUserThirtyOne,LastNameThirtyOne,testuser31@test.com,testuser31,password123
TestUserThirtyTwo,LastNameThirtyTwo,testuser32@test.com,testuser32,password123
TestUserThirtyThree,LastNameThirtyThree,testuser33@test.com,testuser33,password123
TestUserThirtyFour,LastNameThirtyFour,testuser34@test.com,testuser34,password123
TestUserThirtyFive,LastNameThirtyFive,testuser35@test.com,testuser35,password123
TestUserThirtySix,LastNameThirtySix,testuser36@test.com,testuser36,password123
TestUserThirtySeven,LastNameThirtySeven,testuser37@test.com,testuser37,password123
TestUserThirtyEight,LastNameThirtyEight,testuser38@test.com,testuser38,password123
TestUserThirtyNine,LastNameThirtyNine,testuser39@test.com,testuser39,password123
TestUserForty,LastNameForty,testuser40@test.com,testuser40,password123
TestUserFortyOne,LastNameFortyOne,testuser41@test.com,testuser41,password123
TestUserFortyTwo,LastNameFortyTwo,testuser42@test.com,testuser42,password123
TestUserFortyThree,LastNameFortyThree,testuser43@test.com,testuser43,password123
TestUserFortyFour,LastNameFortyFour,testuser44@test.com,testuser44,password123
TestUserFortyFive,LastNameFortyFive,testuser45@test.com,testuser45,password123
TestUserFortySix,LastNameFortySix,testuser46@test.com,testuser46,password123
TestUserFortySeven,LastNameFortySeven,testuser47@test.com,testuser47,password123
TestUserFortyEight,LastNameFortyEight,testuser48@test.com,testuser48,password123
TestUserFortyNine,LastNameFortyNine,testuser49@test.com,testuser49,password123
TestUserFifty,LastNameFifty,testuser50@test.com,testuser50,password123
TestUserFiftyOne,LastNameFiftyOne,testuser51@test.com,testuser51,password123
TestUserFiftyTwo,LastNameFiftyTwo,testuser52@test.com,testuser52,password123
TestUserFiftyThree,LastNameFiftyThree,testuser53@test.com,testuser53,password123
TestUserFiftyFour,LastNameFiftyFour,testuser54@test.com,testuser54,password123
TestUserFiftyFive,LastNameFiftyFive,testuser55@test.com,testuser55,password123
TestUserFiftySix,LastNameFiftySix,testuser56@test.com,testuser56,password123
TestUserFiftySeven,LastNameFiftySeven,testuser57@test.com,testuser57,password123
TestUserFiftyEight,LastNameFiftyEight,testuser58@test.com,testuser58,password123
TestUserFiftyNine,LastNameFiftyNine,testuser59@test.com,testuser59,password123
TestUserSixty,LastNameSixty,testuser60@test.com,testuser60,password123
TestUserSixtyOne,LastNameSixtyOne,testuser61@test.com,testuser61,password123
TestUserSixtyTwo,LastNameSixtyTwo,testuser62@test.com,testuser62,password123
TestUserSixtyThree,LastNameSixtyThree,testuser63@test.com,testuser63,password123
TestUserSixtyFour,LastNameSixtyFour,testuser64@test.com,testuser64,password123
TestUserSixtyFive,LastNameSixtyFive,testuser65@test.com,testuser65,password123
TestUserSixtySix,LastNameSixtySix,testuser66@test.com,testuser66,password123
TestUserSixtySeven,LastNameSixtySeven,testuser67@test.com,testuser67,password123
TestUserSixtyEight,LastNameSixtyEight,testuser68@test.com,testuser68,password123
TestUserSixtyNine,LastNameSixtyNine,testuser69@test.com,testuser69,password123
TestUserSeventy,LastNameSeventy,testuser70@test.com,testuser70,password123
TestUserSeventyOne,LastNameSeventyOne,testuser71@test.com,testuser71,password123
TestUserSeventyTwo,LastNameSeventyTwo,testuser72@test.com,testuser72,password123
TestUserSeventyThree,LastNameSeventyThree,testuser73@test.com,testuser73,password123
TestUserSeventyFour,LastNameSeventyFour,testuser74@test.com,testuser74,password123
TestUserSeventyFive,LastNameSeventyFive,testuser75@test.com,testuser75,password123
TestUserSeventySix,LastNameSeventySix,testuser76@test.com,testuser76,password123
TestUserSeventySeven,LastNameSeventySeven,testuser77@test.com,testuser77,password123
TestUserSeventyEight,LastNameSeventyEight,testuser78@test.com,testuser78,password123
TestUserSeventyNine,LastNameSeventyNine,testuser79@test.com,testuser79,password123
TestUserEighty,LastNameEighty,testuser80@test.com,testuser80,password123
TestUserEightyOne,LastNameEightyOne,testuser81@test.com,testuser81,password123
TestUserEightyTwo,LastNameEightyTwo,testuser82@test.com,testuser82,password123
TestUserEightyThree,LastNameEightyThree,testuser83@test.com,testuser83,password123
TestUserEightyFour,LastNameEightyFour,testuser84@test.com,testuser84,password123
TestUserEightyFive,LastNameEightyFive,testuser85@test.com,testuser85,password123
TestUserEightySix,LastNameEightySix,testuser86@test.com,testuser86,password123
TestUserEightySeven,LastNameEightySeven,testuser87@test.com,testuser87,password123
TestUserEightyEight,LastNameEightyEight,testuser88@test.com,testuser88,password123
TestUserEightyNine,LastNameEightyNine,testuser89@test.com,testuser89,password123
TestUserNinety,LastNameNinety,testuser90@test.com,testuser90,password123
TestUserNinetyOne,LastNameNinetyOne,testuser91@test.com,testuser91,password123
TestUserNinetyTwo,LastNameNinetyTwo,testuser92@test.com,testuser92,password123
TestUserNinetyThree,LastNameNinetyThree,testuser93@test.com,testuser93,password123
TestUserNinetyFour,LastNameNinetyFour,testuser94@test.com,testuser94,password123
TestUserNinetyFive,LastNameNinetyFive,testuser95@test.com,testuser95,password123
TestUserNinetySix,LastNameNinetySix,testuser96@test.com,testuser96,password123
TestUserNinetySeven,LastNameNinetySeven,testuser97@test.com,testuser97,password123
TestUserNinetyEight,LastNameNinetyEight,testuser98@test.com,testuser98,password123
TestUserNinetyNine,LastNameNinetyNine,testuser99@test.com,testuser99,password123
TestUserHundred,LastNameHundred,testuser100@test.com,testuser100,password123